link,tags,likes,comments
https://cdn.pixabay.com/photo/2022/03/06/05/30/clouds-7050884__480.jpg,"Atmosphere, Clouds, Sky, Blue Sky",196,55
https://cdn.pixabay.com/photo/2022/04/07/11/45/bird-7117346__340.jpg,"Hummingbird Bird, Ornithology,",76,20
https://cdn.pixabay.com/photo/2022/02/28/15/28/sea-7039471__340.jpg,"Sea, Rainfall, Subtropical Rainbow,",282,106
https://cdn.pixabay.com/photo/2022/04/04/02/52/cherry-blossoms-7110279__340.jpg,"Japan, Sakura Blossoms, Cherry Road,",42,11
https://cdn.pixabay.com/photo/2022/04/09/18/06/cape-marguerite-7121992__340.jpg,"Marguerite, Cape Plant Flower,",39,15
https://cdn.pixabay.com/photo/2021/11/13/23/06/tree-6792528__340.jpg,Relaxing Rest Tree The Under,522,108
https://cdn.pixabay.com/photo/2022/04/07/02/56/cottontail-rabbit-7116707__340.jpg,"Cottontail Wild Rabbit, Grass",51,10
https://cdn.pixabay.com/photo/2022/03/19/21/11/crocus-7079550__340.jpg,"Spring, Flowers, Plant Crocus,",135,44
https://cdn.pixabay.com/photo/2022/04/09/17/30/coffee-7121939__340.jpg,"Table Caf√©, Drink, Coffee, Vacation,",26,5
https://cdn.pixabay.com/photo/2022/03/25/19/24/waterfall-7091641__340.jpg,"Waterfall, Nature, Epic, Fall, Light",96,21
https://cdn.pixabay.com/photo/2021/08/25/20/42/field-6574455__340.jpg,"Field, Sunrise, Nature Dawn, Morning,",807,131
https://cdn.pixabay.com/photo/2022/04/04/18/03/bird-7111988__340.jpg,"Animal Bird, Birdwatching, Robin,",69,19
https://cdn.pixabay.com/photo/2022/04/04/07/58/seedlings-7110591__340.jpg,"Spring Seedlings, Bloom Flowers, Soil,",42,9
https://cdn.pixabay.com/photo/2022/03/23/21/27/road-7087957__340.jpg,"Road, Countryside, Highway, Hills",53,14
https://cdn.pixabay.com/photo/2022/03/27/15/03/cityscape-7095358__340.jpg,"City Cityscape, Bridge, Monochrome,",45,13
https://cdn.pixabay.com/photo/2022/03/25/17/54/sakura-7091532__340.jpg,"Water Blossoms, Cherry Spring, Sakura,",70,12
https://cdn.pixabay.com/photo/2022/04/01/19/03/background-7105471__480.jpg,"Art Eggs, Easter, Template, Background,",5,2
https://cdn.pixabay.com/photo/2022/01/31/12/46/bird-6983434__340.jpg,"Indian Species Ornithology, Chat, Bird,",171,53
https://cdn.pixabay.com/photo/2022/01/18/16/49/town-6947538__340.jpg,"Night, Season Winter, Town, Village,",109,15
https://cdn.pixabay.com/photo/2022/04/09/17/42/flower-7121955__340.jpg,"Pansy, Bloom Viola, Blossom, Flower,",55,36
https://cdn.pixabay.com/photo/2021/08/30/21/29/port-6587129__340.jpg,"Vacations Port, Architecture, Lake,",276,49
https://cdn.pixabay.com/photo/2022/03/16/02/03/sunflowers-7071449__340.jpg,"Flowers, Sunflowers, Plant",54,21
https://cdn.pixabay.com/photo/2022/03/28/18/41/coffee-7098126__340.jpg,"Spring, Morning Flowers, Coffee,",40,10
https://cdn.pixabay.com/photo/2022/02/12/06/21/roys-peak-7008528__340.jpg,"Mountains Wanaka, Peak, Lake, Roys",69,19
https://cdn.pixabay.com/photo/2021/11/21/21/14/mountain-6815304__340.jpg,"Thank you everyone. many likes. downloads and you, for",197,0
https://cdn.pixabay.com/photo/2021/08/22/15/48/nature-6565499__340.jpg,"Beach, Exploration Nature, Outdoors,",272,150
https://cdn.pixabay.com/photo/2022/03/03/11/18/nature-7045125__340.jpg,Shot during Coast West of Jutland. sunset. The Danish,48,11
https://cdn.pixabay.com/photo/2022/03/16/21/01/gentoo-penguin-7073391__340.jpg,"Animal Bird, Penguin, Gentoo",93,22
https://cdn.pixabay.com/photo/2021/11/26/20/45/lantern-6826698__340.jpg,"Lantern, Water, Sea, Beach, Tree Heaven,",243,31
https://cdn.pixabay.com/photo/2022/04/03/05/03/easter-7108066__340.jpg,"Spring, Easter, Easter Bunny",17,10
https://cdn.pixabay.com/photo/2018/01/14/23/12/nature-3082832__340.jpg,formation lake brown during trees on daytime green rock,3098,495
https://cdn.pixabay.com/photo/2022/02/27/19/46/tourist-attraction-7037967__340.jpg,"Eiffel Tourist Travel Tower, Attraction,",83,21
https://cdn.pixabay.com/photo/2022/04/07/22/23/menhir-7118382__480.jpg,"Stones Stones, Menhir, Clouds, Standing",64,49
https://cdn.pixabay.com/photo/2022/01/13/18/05/road-6935773__340.jpg,"Snow, Trees, Path Winter, Frost, Road,",133,24
https://cdn.pixabay.com/photo/2022/04/10/07/03/bird-7122753__340.jpg,"Woodpecker Bird,",28,20
https://cdn.pixabay.com/photo/2021/11/25/19/50/tape-6824489__340.jpg,"Classic Cassette, Retro, Tape, Music,",134,20
https://cdn.pixabay.com/photo/2022/01/10/15/29/wind-mills-6928590__340.jpg,"Power Wind Mills, Clouds, Energy,",144,101
https://cdn.pixabay.com/photo/2022/02/15/07/27/travel-7014427__340.jpg,"Square, Tartini, Tourism, Piran Travel,",70,19
https://cdn.pixabay.com/photo/2022/04/11/04/33/easter-eggs-7124718__340.jpg,"Nest, Easter Eggs, Colored Eggs",29,0
https://cdn.pixabay.com/photo/2022/02/07/22/27/winter-7000429__340.jpg,"Outdoors, Nature, Season, Travel Winter,",111,24
https://cdn.pixabay.com/photo/2022/04/11/09/40/glacier-7125386__340.jpg,"Glacier, Glacier Dying Melting Glaciers,",36,27
https://cdn.pixabay.com/photo/2021/11/01/21/31/forest-6761846__340.jpg,"Jungle, Tropical, Forest, Nature Green,",135,22
https://cdn.pixabay.com/photo/2022/02/05/08/13/tulip-6994245__340.jpg,"Petals Bloom, Tulip, Blossom, Flower,",92,35
https://cdn.pixabay.com/photo/2022/04/07/13/06/flowers-7117461__340.jpg,"Pink Flowers, Petals",62,0
https://cdn.pixabay.com/photo/2022/02/22/03/22/passiflora-7027917__340.jpg,"Passion Passiflora, Flower Flower,",97,66
https://cdn.pixabay.com/photo/2021/11/02/21/57/prayer-6764197__340.jpg,"Prayer, Hope, Religion, Faith, Blessing",175,57
https://cdn.pixabay.com/photo/2022/04/09/10/13/galaxy-7121195__340.jpg,"Star, Universe, Cosmos Space, Galaxy,",45,40
https://cdn.pixabay.com/photo/2022/03/31/09/25/dragonfly-7102558__480.jpg,"Dragonfly, Macro Nature, Insect,",19,3
